{
  "best_hyperparameters": {
    "learning_rate": 0.0005,
    "batch_size": 512
  },
  "final_metrics": {
    "train_rmse": 0.4886962347873418,
    "val_rmse": 0.5842385902923001,
    "test_rmse": 0.591368265078552,
    "train_r2": 0.7553192377090454,
    "val_r2": 0.5859103202819824,
    "test_r2": 0.61607825756073
  },
  "training_epochs": 64,
  "improvement_over_baseline": "-3.7%",
  "data_info": {
    "total_samples": 178140,
    "num_features": 41,
    "num_grow_ids": 264,
    "time_range": "1960 - 2023"
  }
}